-- phpMyAdmin SQL Dump
-- version 3.4.11.1deb2+deb7u5
-- http://www.phpmyadmin.net
--
-- Host: localhost
-- Generation Time: Aug 16, 2016 at 11:42 AM
-- Server version: 5.5.50
-- PHP Version: 5.6.24-1~dotdeb+7.1

SET SQL_MODE="NO_AUTO_VALUE_ON_ZERO";
SET time_zone = "+00:00";


/*!40101 SET @OLD_CHARACTER_SET_CLIENT=@@CHARACTER_SET_CLIENT */;
/*!40101 SET @OLD_CHARACTER_SET_RESULTS=@@CHARACTER_SET_RESULTS */;
/*!40101 SET @OLD_COLLATION_CONNECTION=@@COLLATION_CONNECTION */;
/*!40101 SET NAMES utf8 */;

--
-- Database: `cake`
--

-- --------------------------------------------------------

--
-- Table structure for table `contents`
--

CREATE TABLE IF NOT EXISTS `contents` (
  `id` int(11) unsigned NOT NULL AUTO_INCREMENT,
  `research_id` int(11) unsigned NOT NULL,
  `research_element_id` int(11) unsigned NOT NULL,
  `subject_id` int(11) unsigned NOT NULL,
  `link` text NOT NULL,
  `content` text NOT NULL,
  `created_at` datetime NOT NULL,
  `social_id` text NOT NULL,
  `language` varchar(4) NOT NULL,
  `favorite_count` int(11) NOT NULL,
  `retweet_count` int(11) NOT NULL,
  `lat` double NOT NULL,
  `lng` double NOT NULL,
  `comfort` int(11) NOT NULL,
  `energy` int(11) NOT NULL,
  PRIMARY KEY (`id`),
  KEY `research_id` (`research_id`),
  KEY `research_element_id` (`research_element_id`),
  KEY `subject_id` (`subject_id`)
) ENGINE=InnoDB  DEFAULT CHARSET=latin1 AUTO_INCREMENT=4473 ;

--
-- RELATIONS FOR TABLE `contents`:
--   `research_id`
--       `researches` -> `id`
--   `research_element_id`
--       `research_elements` -> `id`
--   `subject_id`
--       `subjects` -> `id`
--


-- --------------------------------------------------------

--
-- Table structure for table `contents_entities`
--

CREATE TABLE IF NOT EXISTS `contents_entities` (
  `id` int(11) unsigned NOT NULL AUTO_INCREMENT,
  `content_id` int(11) unsigned NOT NULL,
  `research_id` int(11) unsigned NOT NULL,
  `research_element_id` int(11) unsigned NOT NULL,
  `entity_id` int(11) unsigned NOT NULL,
  PRIMARY KEY (`id`),
  KEY `content_id` (`content_id`),
  KEY `research_id` (`research_id`),
  KEY `research_element_id` (`research_element_id`),
  KEY `entity_id` (`entity_id`)
) ENGINE=InnoDB  DEFAULT CHARSET=utf8 COLLATE=utf8_unicode_ci AUTO_INCREMENT=9209 ;

--
-- RELATIONS FOR TABLE `contents_entities`:
--   `content_id`
--       `contents` -> `id`
--   `research_id`
--       `researches` -> `id`
--   `research_element_id`
--       `research_elements` -> `id`
--   `entity_id`
--       `entities` -> `id`
--


-- --------------------------------------------------------

--
-- Table structure for table `emotions`
--

CREATE TABLE IF NOT EXISTS `emotions` (
  `id` int(11) unsigned NOT NULL AUTO_INCREMENT,
  `research_id` int(11) unsigned NOT NULL,
  `research_element_id` int(11) unsigned NOT NULL,
  `content_id` int(11) unsigned NOT NULL,
  `emotion_type_id` int(11) unsigned NOT NULL,
  `c` int(11) NOT NULL,
  PRIMARY KEY (`id`),
  KEY `research_id` (`research_id`),
  KEY `research_element_id` (`research_element_id`),
  KEY `content_id` (`content_id`),
  KEY `emotion_type_id` (`emotion_type_id`)
) ENGINE=InnoDB  DEFAULT CHARSET=latin1 AUTO_INCREMENT=676 ;

--
-- RELATIONS FOR TABLE `emotions`:
--   `research_id`
--       `researches` -> `id`
--   `research_element_id`
--       `research_elements` -> `id`
--   `content_id`
--       `contents` -> `id`
--   `emotion_type_id`
--       `emotion_types` -> `id`
--



-- --------------------------------------------------------

--
-- Table structure for table `emotion_types`
--

CREATE TABLE IF NOT EXISTS `emotion_types` (
  `id` int(11) unsigned NOT NULL AUTO_INCREMENT,
  `label` varchar(40) CHARACTER SET utf8 COLLATE utf8_unicode_ci NOT NULL,
  `color` varchar(10) CHARACTER SET utf8 COLLATE utf8_unicode_ci NOT NULL DEFAULT '0x000000',
  `comfort` int(11) NOT NULL DEFAULT '0',
  `energy` int(11) NOT NULL DEFAULT '0',
  PRIMARY KEY (`id`)
) ENGINE=InnoDB  DEFAULT CHARSET=latin1 AUTO_INCREMENT=37 ;

--
-- Dumping data for table `emotion_types`
--

INSERT INTO `emotion_types` (`id`, `label`, `color`, `comfort`, `energy`) VALUES
(1, 'Surprise', '0x000000', -6, 221),
(2, 'Interest', '0x000000', -6, 201),
(3, 'Arousal', '0x000000', 43, 157),
(4, 'Amusement', '0x000000', 85, 126),
(5, 'Proudness', '0x000000', 116, 97),
(6, 'Confidence', '0x000000', 134, 64),
(7, 'Satisfaction', '0x000000', 156, 28),
(8, 'Happiness', '0x000000', 205, 82),
(9, 'Pleasure', '0x000000', 186, 2),
(10, 'Content', '0x000000', 161, -23),
(11, 'Comfort', '0x000000', 148, -51),
(12, 'Sympathy', '0x000000', 136, -80),
(13, 'Tranquillity', '0x000000', 124, -108),
(14, 'Relax', '0x000000', 98, -136),
(15, 'Calm', '0x000000', 69, -165),
(16, 'Lethargy', '0x000000', -60, -166),
(17, 'Boredom', '0x000000', -107, -139),
(18, 'Depression', '0x000000', -132, -103),
(19, 'Sadness', '0x000000', -210, -86),
(20, 'Guilt', '0x000000', -167, -61),
(21, 'Miserability', '0x000000', -174, -24),
(22, 'Displeasure', '0x000000', -187, 2),
(23, 'Disgust', '0x000000', -222, 30),
(24, 'Anger', '0x000000', -201, 100),
(25, 'Fear', '0x000000', -165, 150),
(26, 'Embarassment', '0x000000', -162, 23),
(27, 'Contempt', '0x000000', -156, 42),
(28, 'Confusion', '0x000000', -150, 61),
(29, 'Affliction', '0x000000', -135, 80),
(30, 'Restlessness', '0x000000', -120, 101),
(31, 'Disturbance', '0x000000', -110, 120),
(32, 'Agitation', '0x000000', -88, 139),
(33, 'Terror', '0x000000', -66, 157),
(34, 'Nervous', '0x000000', -71, 39),
(35, 'Tension', '0x000000', -59, 69),
(36, 'Pain', '0x000000', -37, 96);

-- --------------------------------------------------------

--
-- Table structure for table `entities`
--

CREATE TABLE IF NOT EXISTS `entities` (
  `id` int(11) unsigned NOT NULL AUTO_INCREMENT,
  `entity_type_id` int(11) unsigned NOT NULL,
  `entity` varchar(255) CHARACTER SET utf8 COLLATE utf8_unicode_ci NOT NULL,
  PRIMARY KEY (`id`),
  KEY `entity_type_id` (`entity_type_id`)
) ENGINE=InnoDB  DEFAULT CHARSET=latin1 AUTO_INCREMENT=4349 ;

--
-- RELATIONS FOR TABLE `entities`:
--   `entity_type_id`
--       `entity_types` -> `id`
--


-- --------------------------------------------------------

--
-- Table structure for table `entity_types`
--

CREATE TABLE IF NOT EXISTS `entity_types` (
  `id` int(11) unsigned NOT NULL AUTO_INCREMENT,
  `label` varchar(255) NOT NULL,
  PRIMARY KEY (`id`)
) ENGINE=InnoDB  DEFAULT CHARSET=latin1 AUTO_INCREMENT=4 ;

--
-- Dumping data for table `entity_types`
--

INSERT INTO `entity_types` (`id`, `label`) VALUES
(1, 'hashtags'),
(2, 'urls'),
(3, 'media');

-- --------------------------------------------------------

--
-- Table structure for table `relations`
--

CREATE TABLE IF NOT EXISTS `relations` (
  `id` int(11) unsigned NOT NULL AUTO_INCREMENT,
  `research_id` int(11) unsigned NOT NULL,
  `research_element_id` int(11) unsigned NOT NULL,
  `subject_1_id` int(11) unsigned NOT NULL,
  `subject_2_id` int(11) unsigned NOT NULL,
  `c` int(11) unsigned NOT NULL,
  PRIMARY KEY (`id`),
  KEY `research_id` (`research_id`),
  KEY `research_element_id` (`research_element_id`),
  KEY `subject_1_id` (`subject_1_id`),
  KEY `subject_2_id` (`subject_2_id`),
  KEY `c` (`c`)
) ENGINE=InnoDB  DEFAULT CHARSET=latin1 AUTO_INCREMENT=3851 ;

--
-- RELATIONS FOR TABLE `relations`:
--   `research_id`
--       `researches` -> `id`
--   `research_element_id`
--       `research_elements` -> `id`
--


-- --------------------------------------------------------

--
-- Table structure for table `researches`
--

CREATE TABLE IF NOT EXISTS `researches` (
  `id` int(11) unsigned NOT NULL AUTO_INCREMENT,
  `user_id` int(11) unsigned NOT NULL,
  `name` varchar(255) CHARACTER SET utf8 COLLATE utf8_unicode_ci NOT NULL,
  `twitter_consumer_key` text CHARACTER SET utf8 COLLATE utf8_unicode_ci NOT NULL,
  `twitter_consumer_secret` text CHARACTER SET utf8 COLLATE utf8_unicode_ci NOT NULL,
  `twitter_token` text CHARACTER SET utf8 COLLATE utf8_unicode_ci NOT NULL,
  `twitter_token_secret` text CHARACTER SET utf8 COLLATE utf8_unicode_ci NOT NULL,
  `twitter_bearer_token` text CHARACTER SET utf8 COLLATE utf8_unicode_ci NOT NULL,
  `insta_client_id` text CHARACTER SET utf8 COLLATE utf8_unicode_ci NOT NULL,
  `insta_token` text CHARACTER SET utf8 COLLATE utf8_unicode_ci NOT NULL,
  `fb_app_id` text CHARACTER SET utf8 COLLATE utf8_unicode_ci NOT NULL,
  `fb_app_secret` text CHARACTER SET utf8 COLLATE utf8_unicode_ci NOT NULL,
  `last_updated` datetime NOT NULL,
  PRIMARY KEY (`id`),
  KEY `user_id` (`user_id`)
) ENGINE=InnoDB  DEFAULT CHARSET=latin1 AUTO_INCREMENT=40 ;

--
-- RELATIONS FOR TABLE `researches`:
--   `user_id`
--       `users` -> `id`
--


-- --------------------------------------------------------

--
-- Table structure for table `research_elements`
--

CREATE TABLE IF NOT EXISTS `research_elements` (
  `id` int(11) unsigned NOT NULL AUTO_INCREMENT,
  `research_element_type_id` int(11) unsigned NOT NULL,
  `research_id` int(11) unsigned NOT NULL,
  `content` text NOT NULL,
  `lat` double NOT NULL,
  `lng` double NOT NULL,
  `language` varchar(4) NOT NULL,
  `active` tinyint(4) NOT NULL DEFAULT '0',
  `updated_last` datetime NOT NULL,
  PRIMARY KEY (`id`),
  KEY `research_element_type_id` (`research_element_type_id`),
  KEY `research_id` (`research_id`)
) ENGINE=InnoDB  DEFAULT CHARSET=latin1 AUTO_INCREMENT=40 ;

--
-- RELATIONS FOR TABLE `research_elements`:
--   `research_element_type_id`
--       `research_element_types` -> `id`
--   `research_id`
--       `researches` -> `id`
--


-- --------------------------------------------------------

--
-- Table structure for table `research_element_types`
--

CREATE TABLE IF NOT EXISTS `research_element_types` (
  `id` int(11) unsigned NOT NULL AUTO_INCREMENT,
  `label` varchar(100) NOT NULL,
  PRIMARY KEY (`id`)
) ENGINE=InnoDB  DEFAULT CHARSET=latin1 AUTO_INCREMENT=7 ;

--
-- Dumping data for table `research_element_types`
--

INSERT INTO `research_element_types` (`id`, `label`) VALUES
(1, 'keyword'),
(2, 'mentions'),
(3, 'hashtags'),
(4, 'FB page'),
(5, 'TW user'),
(6, 'Instagram user'),
(7, 'FB group');

-- --------------------------------------------------------

--
-- Table structure for table `smiley_emotions`
--

CREATE TABLE IF NOT EXISTS `smiley_emotions` (
  `id` int(11) unsigned NOT NULL AUTO_INCREMENT,
  `smiley` varchar(12) COLLATE utf8_unicode_ci NOT NULL,
  `emotion_id` int(11) unsigned NOT NULL,
  PRIMARY KEY (`id`)
) ENGINE=InnoDB  DEFAULT CHARSET=utf8 COLLATE=utf8_unicode_ci AUTO_INCREMENT=70 ;

--
-- Dumping data for table `smiley_emotions`
--

INSERT INTO `smiley_emotions` (`id`, `smiley`, `emotion_id`) VALUES
(1, ':-)', 4),
(2, ':)', 4),
(3, ';-)', 6),
(4, ';)', 6),
(5, ':-(', 22),
(6, ':(', 22),
(7, ':-I', 17),
(8, ':->', 35),
(9, '>:->', 19),
(10, '>;->', 24),
(11, '(-:', 4),
(12, '(:', 4),
(13, '%-)', 28),
(14, ':*)', 11),
(15, '[:]', 16),
(16, '8-)', 1),
(17, '8)', 1),
(18, 'B:-)', 7),
(19, '::-)', 5),
(20, 'B-)', 6),
(21, '8:-)', 4),
(22, ':-)-8', 5),
(23, ':-{)', 5),
(24, ':-{}', 3),
(25, '{:-)', 4),
(26, '}:-(', 24),
(27, ':-[', 27),
(28, ':-E', 27),
(29, ':-F', 27),
(30, ':-7', 31),
(31, ':-*', 22),
(32, ':-)~', 2),
(33, ':-~)', 13),
(34, ':''-(', 36),
(35, ':''-)', 8),
(36, ':-@', 3),
(37, ':-#', 3),
(38, ':^)', 31),
(39, ':v)', 31),
(40, ':_)', 31),
(41, ':<)', 27),
(42, ':-&', 35),
(43, '=:-)', 1),
(44, '-:-)', 1),
(45, '-:-(', 34),
(46, ':=)', 10),
(47, '+-:-)', 11),
(48, '`:-)', 13),
(49, ',:-)', 13),
(50, '|-I', 16),
(51, '|-O', 16),
(52, ':-Q', 6),
(53, ':-?', 28),
(54, 'O:-)', 15),
(55, ':-P', 6),
(56, ':-S', 28),
(57, ':-D', 8),
(58, ':D', 8),
(59, ':-X', 15),
(60, ':-C', 23),
(61, ':-/', 27),
(62, ':-o', 28),
(63, ':-9', 1),
(64, '.-)', 13),
(65, ',-)', 12),
(66, 'X-(', 29),
(67, '=)', 4),
(68, ':-\\', 19),
(69, ':-/', 19);

-- --------------------------------------------------------

--
-- Table structure for table `subjects`
--

CREATE TABLE IF NOT EXISTS `subjects` (
  `id` int(11) unsigned NOT NULL AUTO_INCREMENT,
  `research_element_id` int(11) unsigned NOT NULL,
  `research_id` int(11) unsigned NOT NULL,
  `name` varchar(255) CHARACTER SET utf8 COLLATE utf8_unicode_ci NOT NULL,
  `social_id` text NOT NULL,
  `screen_name` varchar(100) CHARACTER SET utf8 COLLATE utf8_unicode_ci NOT NULL,
  `location` varchar(255) CHARACTER SET utf8 COLLATE utf8_unicode_ci NOT NULL,
  `followers_count` int(11) NOT NULL,
  `friends_count` int(11) NOT NULL,
  `listed_count` int(11) NOT NULL,
  `language` varchar(4) CHARACTER SET utf8 COLLATE utf8_unicode_ci NOT NULL,
  `profile_url` text CHARACTER SET utf8 COLLATE utf8_unicode_ci NOT NULL,
  `profile_image_url` text CHARACTER SET utf8 COLLATE utf8_unicode_ci NOT NULL,
  PRIMARY KEY (`id`),
  KEY `research_element_id` (`research_element_id`),
  KEY `research_id` (`research_id`)
) ENGINE=InnoDB  DEFAULT CHARSET=latin1 AUTO_INCREMENT=5117 ;

--
-- RELATIONS FOR TABLE `subjects`:
--   `research_element_id`
--       `research_elements` -> `id`
--   `research_id`
--       `researches` -> `id`
--


-- --------------------------------------------------------

--
-- Table structure for table `users`
--

CREATE TABLE IF NOT EXISTS `users` (
  `id` int(11) unsigned NOT NULL AUTO_INCREMENT,
  `username` varchar(50) DEFAULT NULL,
  `password` varchar(255) DEFAULT NULL,
  `role` varchar(20) DEFAULT NULL,
  `created` datetime DEFAULT NULL,
  `modified` datetime DEFAULT NULL,
  PRIMARY KEY (`id`)
) ENGINE=InnoDB  DEFAULT CHARSET=latin1 AUTO_INCREMENT=3 ;


-- --------------------------------------------------------

--
-- Table structure for table `word_emotions`
--

CREATE TABLE IF NOT EXISTS `word_emotions` (
  `id` int(11) unsigned NOT NULL AUTO_INCREMENT,
  `word` varchar(255) CHARACTER SET utf8 COLLATE utf8_unicode_ci NOT NULL,
  `emotion_id` int(11) unsigned NOT NULL,
  PRIMARY KEY (`id`)
) ENGINE=InnoDB  DEFAULT CHARSET=latin1 AUTO_INCREMENT=1588 ;

--
-- Dumping data for table `word_emotions`
--

INSERT INTO `word_emotions` (`id`, `word`, `emotion_id`) VALUES
(1, 'irritat', 24),
(2, 'enrage', 24),
(3, 'hostile', 24),
(4, 'insult', 24),
(5, 'annoy', 24),
(6, 'upset', 24),
(7, 'hate', 24),
(8, 'unpleas', 24),
(9, 'offens', 24),
(10, 'aggress', 24),
(11, 'bitter', 24),
(12, 'frustrat', 24),
(13, 'controlling', 24),
(14, 'resent', 24),
(15, 'hothead', 24),
(16, 'malicious', 24),
(17, 'infuriat', 24),
(18, 'critic', 24),
(19, 'meanspirit', 24),
(20, 'violent', 24),
(21, 'vindicat', 24),
(22, 'sadist', 24),
(23, 'mean', 24),
(24, 'spiteful', 24),
(25, 'furious', 24),
(26, 'agitat', 24),
(27, 'antagonist', 24),
(28, 'repuls', 24),
(29, 'mad', 24),
(30, 'incensed', 24),
(31, 'loud', 24),
(32, 'swear', 24),
(33, 'abrupt', 24),
(34, 'quarrel', 24),
(35, 'venom', 24),
(36, 'irate', 24),
(37, 'shorttemper', 24),
(38, 'stubborn', 24),
(39, 'rebelli', 24),
(40, 'exasperate', 24),
(41, 'impatient', 24),
(42, 'contrary', 24),
(43, 'condemn', 24),
(44, 'seething', 24),
(45, 'scorn', 24),
(46, 'sarcastic', 24),
(47, 'overbear', 24),
(48, 'poisonous', 24),
(49, 'insult', 24),
(50, 'disrespect', 24),
(51, 'jealous', 24),
(52, 'hitting', 24),
(53, 'yelling', 24),
(54, 'scream', 24),
(55, 'revenge', 24),
(56, 'retaliat', 24),
(57, 'reprimand', 24),
(58, 'envious', 24),
(59, 'envy', 24),
(60, 'irrita', 24),
(61, 'imbestial', 24),
(62, 'ostil', 24),
(63, 'insult', 24),
(64, 'infastid', 24),
(65, 'odia', 24),
(66, 'offens', 24),
(67, 'aggress', 24),
(68, 'frustra', 24),
(69, 'risenti', 24),
(70, 'testa calda', 24),
(71, 'malign', 24),
(72, 'infuriat', 24),
(73, 'violen', 24),
(74, 'vendica', 24),
(75, 'vendett', 24),
(76, 'sadic', 24),
(77, 'dispett', 24),
(78, 'furios', 24),
(79, 'agitat', 24),
(80, 'antagonist', 24),
(81, 'repuls', 24),
(82, 'pazz', 24),
(83, 'litiga', 24),
(84, 'veleno', 24),
(85, 'irato', 24),
(86, 'irati', 24),
(87, 'irascibil', 24),
(88, 'ribell', 24),
(89, 'esasper', 24),
(90, 'impazient', 24),
(91, 'contrari', 24),
(92, 'condann', 24),
(93, 'disprezz', 24),
(94, 'sarcastic', 24),
(95, 'domina', 24),
(96, 'insult', 24),
(97, 'colpir', 24),
(98, 'urlar', 24),
(99, 'urlo', 24),
(100, 'vendett', 24),
(101, 'rimprover', 24),
(102, 'invidi', 24),
(103, 'hostil', 24),
(104, 'insulter', 24),
(105, 'ennuyer', 24),
(106, 'dérangé', 24),
(107, 'haine', 24),
(108, 'agresser', 24),
(109, 'contrôle', 24),
(110, 'ressentiment', 24),
(111, 'exalté', 24),
(112, 'mal intentionné', 24),
(113, 'sadique', 24),
(114, 'malveillant', 24),
(115, 'furieux', 24),
(116, 'courroucé', 24),
(117, 'bruyant', 24),
(118, 'brusque', 24),
(119, 'exaspérer', 24),
(120, 'contrair', 24),
(121, 'condamner', 24),
(122, 'grouillant', 24),
(123, 'mépris', 24),
(124, 'sarcastique', 24),
(125, 'vaincre', 24),
(126, 'toxique', 24),
(127, 'insulter', 24),
(128, 'manque de respect', 24),
(129, 'jaloux', 24),
(130, 'frappe', 24),
(131, 'en hurlant', 24),
(132, 'réprimand', 24),
(133, 'envieux', 24),
(134, 'envie', 24),
(135, 'enfurecer', 24),
(136, 'molestar', 24),
(137, 'trastornado', 24),
(138, 'odio', 24),
(139, 'malicios', 24),
(140, 'sádic', 24),
(141, 'malévol', 24),
(142, 'indignad', 24),
(143, 'abrupto', 24),
(144, 'airad', 24),
(145, 'exasperar', 24),
(146, 'disappoint', 18),
(147, 'discourag', 18),
(148, 'ashame', 18),
(149, 'powerless', 18),
(150, 'diminish', 18),
(151, 'dissatisf', 18),
(152, 'miserab', 18),
(153, 'despicab', 18),
(154, 'self-hating', 18),
(155, 'sulky', 18),
(156, 'desper', 18),
(157, 'alienated', 18),
(158, 'pessimist', 18),
(159, 'deject', 18),
(160, 'bummed out', 18),
(161, 'self-critical', 18),
(162, 'selfdeprecating', 18),
(163, 'gloomy', 18),
(164, 'glum', 18),
(165, 'disheartened', 18),
(166, 'despond', 18),
(167, 'cheerless', 18),
(168, 'masochist', 18),
(169, 'contract', 18),
(170, 'despair', 18),
(171, 'hopeless', 18),
(172, 'grouchy', 18),
(173, 'moody', 18),
(174, 'crabby', 18),
(175, 'faultfinding', 18),
(176, 'cranky', 18),
(177, 'grumpy', 18),
(178, 'burdened', 18),
(179, 'slumped', 18),
(180, 'slouching', 18),
(181, 'delus', 18),
(182, 'sfiduciat', 18),
(183, 'vergognos', 18),
(184, 'impotent', 18),
(185, 'insoddisfatt', 18),
(186, 'miserabil', 18),
(187, 'che odia se stesso', 18),
(188, 'imbronciat', 18),
(189, 'disperat', 18),
(190, 'alienat', 18),
(191, 'sconsolat', 18),
(192, 'depress', 18),
(193, 'auto-critico', 18),
(194, 'accigliat', 18),
(195, 'scoraggiat', 18),
(196, 'triste', 18),
(197, 'masochist', 18),
(198, 'senza speranza', 18),
(199, 'brontolon', 18),
(200, 'lunatic', 18),
(201, 'scorbutic', 18),
(202, 'irritabil', 18),
(203, 'scontros', 18),
(204, 'giù di corda', 18),
(205, 'permalos', 18),
(206, 'accasciat', 18),
(207, 'désappoint', 18),
(208, 'décourag', 18),
(209, 'honteux', 18),
(210, 'impuissant', 18),
(211, 'mécontent', 18),
(212, 'misérabl', 18),
(213, 'méprisabl', 18),
(214, 'boudeur', 18),
(215, 'désespér', 18),
(216, 'alién', 18),
(217, 'maussad', 18),
(218, 'décourag', 18),
(219, 'sans espoir', 18),
(220, 'susceptibl', 18),
(221, 'decepcionad', 18),
(222, 'desanimad', 18),
(223, 'malhumorad', 18),
(224, 'malísim', 18),
(225, 'desesperad', 18),
(226, 'alienad', 18),
(227, 'pesimista', 18),
(228, 'melancólic', 18),
(229, 'descorazonad', 18),
(230, 'masoquist', 18),
(231, 'temperamental', 18),
(232, 'de mal humor', 18),
(306, 'doubt', 28),
(307, 'uncerta', 28),
(308, 'indecisiv', 28),
(309, 'perplex', 28),
(310, 'embarrass', 28),
(311, 'hesit', 28),
(312, 'shy', 28),
(313, 'disillusion', 28),
(314, 'distrust', 28),
(315, 'lost', 28),
(316, 'unsur', 28),
(317, 'uneasy', 28),
(318, 'uncomfortabl', 28),
(319, 'comparing', 28),
(320, 'manipulat', 28),
(321, 'judgment', 28),
(322, 'confound', 28),
(323, 'confus', 28),
(324, 'distract', 28),
(325, 'disorient', 28),
(326, 'frenz', 28),
(327, 'blush', 28),
(328, 'awkward', 28),
(329, 'dubbio', 28),
(330, 'incert', 28),
(331, 'indecis', 28),
(332, 'perpless', 28),
(333, 'imbarazz', 28),
(334, 'esitant', 28),
(335, 'timid', 28),
(336, 'disillus', 28),
(337, 'diffid', 28),
(338, 'apprens', 28),
(339, 'perdut', 28),
(340, 'incert', 28),
(341, 'inquiet', 28),
(342, 'confront', 28),
(343, 'polemic', 28),
(344, 'confus', 28),
(345, 'distratt', 28),
(346, 'distraz', 28),
(347, 'disorient', 28),
(348, 'arross', 28),
(349, 'imbarazz', 28),
(350, 'douteux', 28),
(351, 'incertain', 28),
(352, 'indécis', 28),
(353, 'perplex', 28),
(354, 'embarrass', 28),
(355, 'hésit', 28),
(356, 'timid', 28),
(357, 'perdu', 28),
(358, 'incertain', 28),
(359, 'inquiet', 28),
(360, 'tendu', 28),
(361, 'soulign', 28),
(362, 'inconfortabl', 28),
(363, 'comparant', 28),
(364, 'confond', 28),
(365, 'distrait', 28),
(366, 'désorient', 28),
(367, 'dudos', 28),
(368, 'inciert', 28),
(369, 'indecis', 28),
(370, 'perplej', 28),
(371, 'desconcert', 28),
(372, 'vacilant', 28),
(373, 'desilusion', 28),
(374, 'desconfi', 28),
(375, 'insegur', 28),
(376, 'distraíd', 28),
(377, 'desorientad', 28),
(378, 'descentrad', 28),
(379, 'incapabl', 21),
(380, 'alone', 21),
(381, 'paralyze', 21),
(382, 'fatigue', 21),
(383, 'useless', 21),
(384, 'inferior', 21),
(385, 'vulnerable', 21),
(386, 'empty', 21),
(387, 'distress', 21),
(388, 'pathetic', 21),
(389, 'distraught', 21),
(390, 'doomed', 21),
(391, 'overwhelm', 21),
(392, 'incompetent', 21),
(393, 'inept', 21),
(394, 'incapacit', 21),
(395, 'trap', 21),
(396, 'weak', 21),
(397, 'sick', 21),
(398, 'nausea', 21),
(399, 'fidgety', 21),
(400, 'trembl', 21),
(401, 'squirm', 21),
(402, 'jitter', 21),
(403, 'wooz', 21),
(404, 'twitching', 21),
(405, 'compulsive', 21),
(406, 'incapac', 21),
(407, 'paralizz', 21),
(408, 'inferior', 21),
(409, 'vulnerab', 21),
(410, 'afflitt', 21),
(411, 'patetic', 21),
(412, 'sconvolt', 21),
(413, 'condannat', 21),
(414, 'sopraff', 21),
(415, 'incompet', 21),
(416, 'inabil', 21),
(417, 'intrappol', 21),
(418, 'malat', 21),
(419, 'nausea', 21),
(420, 'irrequi', 21),
(421, 'compulsi', 21),
(422, 'incapab', 21),
(423, 'paralysé', 21),
(424, 'fatigué', 21),
(425, 'inférieur', 21),
(426, 'vulnérab', 21),
(427, 'affligé', 21),
(428, 'pathétiqu', 21),
(429, 'condamné', 21),
(430, 'incompétent', 21),
(431, 'inepte', 21),
(432, 'incapable', 21),
(433, 'nauséeux', 21),
(434, 'tremblant', 21),
(435, 'nerveux', 21),
(436, 'nébuleux', 21),
(437, 'compulsif', 21),
(438, 'incapaz', 21),
(439, 'paralizad', 21),
(440, 'fatigad', 21),
(441, 'inútil', 21),
(442, 'inferior', 21),
(443, 'vulnerable', 21),
(444, 'patétic', 21),
(445, 'inept', 21),
(446, 'incapacitad', 21),
(447, 'insensiti', 17),
(448, 'dull', 17),
(449, 'reserved', 17),
(450, 'weary', 17),
(451, 'bored', 17),
(452, 'preoccup', 17),
(453, 'cold', 17),
(454, 'lifeless', 17),
(455, 'uncaring', 17),
(456, 'uninterest', 17),
(457, 'unrespons', 17),
(458, 'tired', 17),
(459, 'robotic', 17),
(460, 'sluggish', 17),
(461, 'insensibil', 17),
(462, 'noios', 17),
(463, 'riservat', 17),
(464, 'stanc', 17),
(465, 'annoiat', 17),
(466, 'preoccupa', 17),
(467, 'senza vita', 17),
(468, 'indifferent', 17),
(469, 'non risponde', 17),
(470, 'robotic', 17),
(471, 'insensibl', 17),
(472, 'réservé', 17),
(473, 'se lasser', 17),
(474, 'ennuyé', 17),
(475, 'préoccupé', 17),
(476, 'sans vie', 17),
(477, 'indifférent', 17),
(478, 'fatigué', 17),
(479, 'robotiqu', 17),
(480, 'paresseux', 17),
(481, 'aburrid', 17),
(482, 'reservad', 17),
(483, 'cansad', 17),
(484, 'preocupad', 17),
(485, 'sin vida', 17),
(486, 'indiferent', 17),
(487, 'desinteresad', 17),
(488, 'cansad', 17),
(489, 'fearf', 25),
(490, 'terrif', 25),
(491, 'suspicious', 25),
(492, 'anxious', 25),
(493, 'alarm', 25),
(494, 'panick', 25),
(495, 'nervous', 25),
(496, 'scare', 25),
(497, 'worried', 25),
(498, 'worry', 25),
(499, 'frightened', 25),
(500, 'timid', 25),
(501, 'shaky', 25),
(502, 'restless', 25),
(503, 'threat', 25),
(504, 'coward', 25),
(505, 'insecure', 25),
(506, 'wary', 25),
(507, 'menaced', 25),
(508, 'uptight', 25),
(509, 'apprehensive', 25),
(510, 'defensive', 25),
(511, 'dreadful', 25),
(512, 'guarded', 25),
(513, 'troubled', 25),
(514, 'phobic', 25),
(515, 'intolerant', 25),
(516, 'disturbed', 25),
(517, 'disrupted', 25),
(518, 'intimidate', 25),
(519, 'avoiding', 25),
(520, 'unwelcom', 25),
(521, 'petrified', 25),
(522, 'unbending', 25),
(523, 'paranoid', 25),
(524, 'inhibit', 25),
(525, 'immobile', 25),
(526, 'prejudice', 25),
(527, 'agoraphobic', 25),
(528, 'paur', 25),
(529, 'pauroso', 25),
(530, 'terrorizz', 25),
(531, 'sospett', 25),
(532, 'ansios', 25),
(533, 'allarmat', 25),
(534, 'panico', 25),
(535, 'nervos', 25),
(536, 'impaurit', 25),
(537, 'preoccup', 25),
(538, 'spavent', 25),
(539, 'timid', 25),
(540, 'traball', 25),
(541, 'irrequiet', 25),
(542, 'minacci', 25),
(543, 'vigliacc', 25),
(544, 'insicur', 25),
(545, 'diffid', 25),
(546, 'apprensiv', 25),
(547, 'difensiv', 25),
(548, 'agitat', 25),
(549, 'fobic', 25),
(550, 'intoller', 25),
(551, 'disturbat', 25),
(552, 'perturbat', 25),
(553, 'intimidit', 25),
(554, 'impietrit', 25),
(555, 'paranoi', 25),
(556, 'inibi', 25),
(557, 'preconcett', 25),
(558, 'agorafobic', 25),
(559, 'craintif', 25),
(560, 'terrifié', 25),
(561, 'méfiant', 25),
(562, 'anxieux', 25),
(563, 'alarmé', 25),
(564, 'nerveux', 25),
(565, 'effrayé', 25),
(566, 'inquiet', 25),
(567, 'inquiéter', 25),
(568, 'timide', 25),
(569, 'précaire', 25),
(570, 'agité', 25),
(571, 'prudent', 25),
(572, 'menacé', 25),
(573, 'inquiet', 25),
(574, 'défensiv', 25),
(575, 'gardé', 25),
(576, 'troublé', 25),
(577, 'phobique', 25),
(578, 'intolérant', 25),
(579, 'perturbé', 25),
(580, 'intimidé', 25),
(581, 'pétrifié', 25),
(582, 'inflexible', 25),
(583, 'paranoïaque', 25),
(584, 'inhibé', 25),
(585, 'agoraphobe', 25),
(586, 'complexé', 25),
(587, 'temeros', 25),
(588, 'aterrorizad', 25),
(589, 'suspicaz', 25),
(590, 'ansios', 25),
(591, 'alarmad', 25),
(592, 'nervios', 25),
(593, 'asustad', 25),
(594, 'preocupad', 25),
(595, 'preocupación', 25),
(596, 'tímid', 25),
(597, 'tembloros', 25),
(598, 'inquiet', 25),
(599, 'cobardemente', 25),
(600, 'insegur', 25),
(601, 'cautelos', 25),
(602, 'amenazad', 25),
(603, 'aprensiv', 25),
(604, 'defensiv', 25),
(605, 'preocupad', 25),
(606, 'fóbic', 25),
(607, 'intolerant', 25),
(608, 'perturbad', 25),
(609, 'intimidad', 25),
(610, 'petrificad', 25),
(611, 'paranoic', 25),
(612, 'inhibid', 25),
(613, 'inmóvil', 25),
(614, 'agorafóbic', 25),
(615, 'crushed', 22),
(616, 'torment', 22),
(617, 'depriv', 22),
(618, 'pain', 22),
(619, 'torture', 22),
(620, 'reject', 22),
(621, 'injured', 22),
(622, 'offend', 22),
(623, 'afflict', 22),
(624, 'aching', 22),
(625, 'victim', 22),
(626, 'heartbroken', 22),
(627, 'agoniz', 22),
(628, 'appall', 22),
(629, 'wronged', 22),
(630, 'humiliate', 22),
(631, 'insult', 22),
(632, 'withdraw', 22),
(633, 'miffed', 22),
(634, 'indign', 22),
(635, 'suffer', 22),
(636, 'invaded', 22),
(637, 'bulldozed', 22),
(638, 'bullied', 22),
(639, 'secretive', 22),
(640, 'slighted', 22),
(641, 'smother', 22),
(642, 'belittle', 22),
(643, 'schiacciat', 22),
(644, 'torment', 22),
(645, 'depriv', 22),
(646, 'addolor', 22),
(647, 'tortura', 22),
(648, 'respint', 22),
(649, 'ferit', 22),
(650, 'offes', 22),
(651, 'afflitt', 22),
(652, 'dolorant', 22),
(653, 'vittim', 22),
(654, 'affrant', 22),
(655, 'agonizz', 22),
(656, 'costern', 22),
(657, 'umiliat', 22),
(658, 'seccat', 22),
(659, 'indign', 22),
(660, 'soffere', 22),
(661, 'bullism', 22),
(662, 'offes', 22),
(663, 'soffoc', 22),
(664, 'sminuit', 22),
(665, 'écrasé', 22),
(666, 'tourmenté', 22),
(667, 'privé', 22),
(668, 'peiné', 22),
(669, 'torturé', 22),
(670, 'rejeté', 22),
(671, 'blessé', 22),
(672, 'offensé', 22),
(673, 'affligé', 22),
(674, 'douloureux', 22),
(675, 'victimisés', 22),
(676, 'navré', 22),
(677, 'angoissé', 22),
(678, 'consterné', 22),
(679, 'lésés', 22),
(680, 'humilié', 22),
(681, 'insulté', 22),
(682, 'retiré', 22),
(683, 'vexée', 22),
(684, 'indigné', 22),
(685, 'souffrant', 22),
(686, 'envahi', 22),
(687, 'dissimulé', 22),
(688, 'étouffé', 22),
(689, 'aplastad', 22),
(690, 'atormentad', 22),
(691, 'dolorid', 22),
(692, 'torturad', 22),
(693, 'rechazad', 22),
(694, 'lesionad', 22),
(695, 'ofendid', 22),
(696, 'afligid', 22),
(697, 'dolor', 22),
(698, 'víctima', 22),
(699, 'agonizad', 22),
(700, 'horrorizad', 22),
(701, 'explotad', 22),
(702, 'humillad', 22),
(703, 'insultad', 22),
(704, 'molest', 22),
(705, 'indignad', 22),
(706, 'sufrimient', 22),
(707, 'invadid', 22),
(708, 'acosad', 22),
(709, 'sofocad', 22),
(710, 'tearful', 19),
(711, 'sorrow', 19),
(712, 'anguish', 19),
(713, 'desolat', 19),
(714, 'unhapp', 19),
(715, 'lonel', 19),
(716, 'grieved', 19),
(717, 'grief', 19),
(718, 'mourn', 19),
(719, 'dismay', 19),
(720, 'downheart', 19),
(721, 'oversensitive', 19),
(722, 'remorse', 19),
(723, 'sullen', 19),
(724, 'selfcastigat', 19),
(725, 'unworth', 19),
(726, 'disconnect', 19),
(727, 'devast', 19),
(728, 'blindsided', 19),
(729, 'discontent', 19),
(730, 'crying', 19),
(731, 'groan', 19),
(732, 'moan', 19),
(733, 'addolor', 19),
(734, 'angosci', 19),
(735, 'desol', 19),
(736, 'infelic', 19),
(737, 'solitar', 19),
(738, 'luttuos', 19),
(739, 'costern', 19),
(740, 'abbatt', 19),
(741, 'ipersens', 19),
(742, 'rimors', 19),
(743, 'scontros', 19),
(744, 'indegn', 19),
(745, 'scollegat', 19),
(746, 'devast', 19),
(747, 'acceca', 19),
(748, 'scontent', 19),
(749, 'lacrime', 19),
(750, 'gemit', 19),
(751, 'gemend', 19),
(752, 'lament', 19),
(753, 'larmes', 19),
(754, 'douloureux', 19),
(755, 'angoissé', 19),
(756, 'désolé', 19),
(757, 'malheureux', 19),
(758, 'solitair', 19),
(759, 'affligé', 19),
(760, 'triste', 19),
(761, 'consterné', 19),
(762, 'découragé', 19),
(763, 'remord', 19),
(764, 'renfrogné', 19),
(765, 'indigne', 19),
(766, 'dévasté', 19),
(767, 'mécontent', 19),
(768, 'pleurs', 19),
(769, 'gémissant', 19),
(770, 'lloros', 19),
(771, 'angustiad', 19),
(772, 'solitari', 19),
(773, 'infeliz', 19),
(774, 'apenad', 19),
(775, 'desanimad', 19),
(776, 'hipersensib', 19),
(777, 'arrepentid', 19),
(778, 'indign', 19),
(779, 'desconectad', 19),
(780, 'devastad', 19),
(781, 'llorand', 19),
(782, 'gimiend', 19),
(783, 'gemido', 19),
(784, 'stony', 27),
(785, 'serious', 27),
(786, 'stern', 27),
(787, 'frown', 27),
(788, 'recoil', 27),
(789, 'glaring', 27),
(790, 'disgust', 27),
(791, 'unfair', 27),
(792, 'attack', 27),
(793, 'tactless', 27),
(794, 'hurtful', 27),
(795, 'bossy', 27),
(796, 'stilted', 27),
(797, 'stiff', 27),
(798, 'brutal', 27),
(799, 'combative', 27),
(800, 'pushy', 27),
(801, 'neglect', 27),
(802, 'stonewall', 27),
(803, 'rude', 27),
(804, 'rant', 27),
(805, 'scold', 27),
(806, 'shrill', 27),
(807, 'phony', 27),
(808, 'shallow', 27),
(809, 'complain', 27),
(810, 'obsessiv', 27),
(811, 'blunt', 27),
(812, 'pietros', 27),
(813, 'grave', 27),
(814, 'accigliat', 27),
(815, 'sleal', 27),
(816, 'attaccat', 27),
(817, 'indiscret', 27),
(818, 'dannos', 27),
(819, 'prepoten', 27),
(820, 'pompos', 27),
(821, 'brutal', 27),
(822, 'combatt', 27),
(823, 'trascurat', 27),
(824, 'ostruzionism', 27),
(825, 'maleducat', 27),
(826, 'invetti', 27),
(827, 'rimprover', 27),
(828, 'stridul', 27),
(829, 'difficil', 27),
(830, 'superficial', 27),
(831, 'lamenta', 27),
(832, 'ossessiv', 27),
(833, 'pierreux', 27),
(834, 'sérieux', 27),
(835, 'reculante', 27),
(836, 'dégoût', 27),
(837, 'injust', 27),
(838, 'attaqué', 27),
(839, 'nuisible', 27),
(840, 'autoritaire', 27),
(841, 'combatif', 27),
(842, 'négligent', 27),
(843, 'évasives', 27),
(844, 'grossier', 27),
(845, 'rodomontad', 27),
(846, 'réprimand', 27),
(847, 'obsession', 27),
(848, 'pedregos', 27),
(849, 'retrocediend', 27),
(850, 'deslumbrador', 27),
(851, 'disgustad', 27),
(852, 'injust', 27),
(853, 'mandón', 27),
(854, 'combativ', 27),
(855, 'negligent', 27),
(856, 'groser', 27),
(857, 'estrident', 27),
(858, 'superficial', 27),
(859, 'quejumbroso', 27),
(860, 'obsesionante', 27),
(861, 'embotar', 27),
(862, 'understand', 6),
(863, 'confiden', 6),
(864, 'easy', 6),
(865, 'connect', 6),
(866, 'sympathe', 6),
(867, 'interested', 6),
(868, 'satisf', 6),
(869, 'receptive', 6),
(870, 'accept', 6),
(871, 'harmon', 6),
(872, 'empath', 6),
(873, 'toler', 6),
(874, 'friend', 6),
(875, 'approach', 6),
(876, 'outgoing', 6),
(877, 'flowing', 6),
(878, 'flexible', 6),
(879, 'listen', 6),
(880, 'welcom', 6),
(881, 'embrac', 6),
(882, 'comprensi', 6),
(883, 'fiduci', 6),
(884, 'facil', 6),
(885, 'collega', 6),
(886, 'gratuit', 6),
(887, 'interess', 6),
(888, 'soddisf', 6),
(889, 'ricettiv', 6),
(890, 'accett', 6),
(891, 'armoni', 6),
(892, 'empati', 6),
(893, 'tollera', 6),
(894, 'amichevol', 6),
(895, 'accessib', 6),
(896, 'estrovers', 6),
(897, 'fluent', 6),
(898, 'flessibil', 6),
(899, 'ascolt', 6),
(900, 'accoglie', 6),
(901, 'abbracc', 6),
(902, 'compréhens', 6),
(903, 'confiant', 6),
(904, 'connecté', 6),
(905, 'sympath', 6),
(906, 'intéressé', 6),
(907, 'satisf', 6),
(908, 'réceptif', 6),
(909, 'acceptant', 6),
(910, 'harmoni', 6),
(911, 'empathique', 6),
(912, 'tolérant', 6),
(913, 'écoulement', 6),
(914, 'présent', 6),
(915, 'écoute', 6),
(916, 'accueillant', 6),
(917, 'embrassement', 6),
(918, 'comprensión', 6),
(919, 'confident', 6),
(920, 'conectad', 6),
(921, 'simpátic', 6),
(922, 'interesad', 6),
(923, 'satisfec', 6),
(924, 'receptiv', 6),
(925, 'empátic', 6),
(926, 'tolerant', 6),
(927, 'accesibl', 6),
(928, 'extrovertid', 6),
(929, 'acogedor', 6),
(930, 'abrazando', 6),
(931, 'considerate', 7),
(932, 'affectionat', 7),
(933, 'sensitiv', 7),
(934, 'tender', 7),
(935, 'devote', 7),
(936, 'attract', 7),
(937, 'passionate', 7),
(938, 'admiring', 7),
(939, 'warm', 7),
(940, 'touched', 7),
(941, 'love', 7),
(942, 'sweet', 7),
(943, 'gentle', 7),
(944, 'compassion', 7),
(945, 'caring', 7),
(946, 'allowing', 7),
(947, 'nonjudgmental', 7),
(948, 'appreciat', 7),
(949, 'respect', 7),
(950, 'humble', 7),
(951, 'gracious', 7),
(952, 'patient', 7),
(953, 'honoring', 7),
(954, 'expansive', 7),
(955, 'kindly', 7),
(956, 'grateful', 7),
(957, 'premur', 7),
(958, 'affett', 7),
(959, 'sensibil', 7),
(960, 'devot', 7),
(961, 'attratt', 7),
(962, 'attraz', 7),
(963, 'appassionat', 7),
(964, 'ammirativ', 7),
(965, 'amat', 7),
(966, 'cura', 7),
(967, 'permette', 7),
(968, 'riconosc', 7),
(969, 'rispett', 7),
(970, 'umil', 7),
(971, 'gentil', 7),
(972, 'espansiv', 7),
(973, 'gentil', 7),
(974, 'prévenant', 7),
(975, 'affectueux', 7),
(976, 'sensible', 7),
(977, 'soumissionner', 7),
(978, 'dévoué', 7),
(979, 'passionné', 7),
(980, 'admirant', 7),
(981, 'aimé', 7),
(982, 'compatissant', 7),
(983, 'permettant', 7),
(984, 'reconnaissant', 7),
(985, 'respectueux', 7),
(986, 'gracieux', 7),
(987, 'expansif', 7),
(988, 'gentiment', 7),
(989, 'considerad', 7),
(990, 'cariños', 7),
(991, 'atraíd', 7),
(992, 'apasionad', 7),
(993, 'admirativ', 7),
(994, 'compasiv', 7),
(995, 'respetuos', 7),
(996, 'humild', 7),
(997, 'agradecid', 7),
(998, 'blissf', 8),
(999, 'joy', 8),
(1000, 'delight', 8),
(1001, 'overjoy', 8),
(1002, 'gleeful', 8),
(1003, 'thank', 8),
(1004, 'festiv', 8),
(1005, 'ecstat', 8),
(1006, 'satisf', 8),
(1007, 'glad', 8),
(1008, 'cheer', 8),
(1009, 'sunny', 8),
(1010, 'elate', 8),
(1011, 'jubil', 8),
(1012, 'jovial', 8),
(1013, 'fun-loving', 8),
(1014, 'fun', 8),
(1015, 'loving', 8),
(1016, 'lightheart', 8),
(1017, 'easygoing', 8),
(1018, 'mellow', 8),
(1019, 'happy', 8),
(1020, 'glorious', 8),
(1021, 'innocent', 8),
(1022, 'childlike', 8),
(1023, 'gratif', 8),
(1024, 'euphor', 8),
(1025, 'raptur', 8),
(1026, 'humor', 8),
(1027, 'heaven', 8),
(1028, 'top of the world', 8),
(1029, 'beat', 8),
(1030, 'gioios', 8),
(1031, 'content', 8),
(1032, 'felic', 8),
(1033, 'allegr', 8),
(1034, 'grat', 8),
(1035, 'festiv', 8),
(1036, 'estatic', 8),
(1037, 'estasi', 8),
(1038, 'soddisfa', 8),
(1039, 'liet', 8),
(1040, 'solegg', 8),
(1041, 'eufori', 8),
(1042, 'giubil', 8),
(1043, 'giovia', 8),
(1044, 'diverti', 8),
(1045, 'spensier', 8),
(1046, 'affabil', 8),
(1047, 'pastos', 8),
(1048, 'glorios', 8),
(1049, 'innocent', 8),
(1050, 'infantil', 8),
(1051, 'gratific', 8),
(1052, 'euforic', 8),
(1053, 'buon umore', 8),
(1054, 'bienheureu', 8),
(1055, 'joyeu', 8),
(1056, 'enchanté', 8),
(1057, 'fou de joie', 8),
(1058, 'reconnaiss', 8),
(1059, 'extase', 8),
(1060, 'satisfait', 8),
(1061, 'ensoleillé', 8),
(1062, 'exalté', 8),
(1063, 'radieu', 8),
(1064, 'jovial', 8),
(1065, 'léger', 8),
(1066, 'moelleux', 8),
(1067, 'insouciant', 8),
(1068, 'glorieu', 8),
(1069, 'heureu', 8),
(1070, 'euphoriqu', 8),
(1071, 'enthousiast', 8),
(1072, 'bonne humeur', 8),
(1073, 'feliz', 8),
(1074, 'jubilos', 8),
(1075, 'encantad', 8),
(1076, 'alegría', 8),
(1077, 'jubilos', 8),
(1078, 'agradecid', 8),
(1079, 'extátic', 8),
(1080, 'alegr', 8),
(1081, 'exaltad', 8),
(1082, 'jubilos', 8),
(1083, 'jovial', 8),
(1084, 'felicidad', 8),
(1085, 'glorios', 8),
(1086, 'inocente', 8),
(1087, 'infantil', 8),
(1088, 'gratificad', 8),
(1089, 'eufóric', 8),
(1090, 'fascinat', 2),
(1091, 'intrigu', 2),
(1092, 'absorb', 2),
(1093, 'inquisi', 2),
(1094, 'engross', 2),
(1095, 'curious', 2),
(1096, 'amaze', 2),
(1097, 'involv', 2),
(1098, 'attent', 2),
(1099, 'observ', 2),
(1100, 'amuse', 2),
(1101, 'thought', 2),
(1102, 'courte', 2),
(1103, 'intent', 2),
(1104, 'focus', 2),
(1105, 'affascin', 2),
(1106, 'fascino', 2),
(1107, 'incurios', 2),
(1108, 'curios', 2),
(1109, 'assorb', 2),
(1110, 'assort', 2),
(1111, 'stupit', 2),
(1112, 'coinvol', 2),
(1113, 'attent', 2),
(1114, 'divertit', 2),
(1115, 'rifless', 2),
(1116, 'intent', 2),
(1117, 'focalizz', 2),
(1118, 'fascin', 2),
(1119, 'intrig', 2),
(1120, 'absorb', 2),
(1121, 'curieu', 2),
(1122, 'étonné', 2),
(1123, 'impliqu', 2),
(1124, 'observat', 2),
(1125, 'amusé', 2),
(1126, 'courtoi', 2),
(1127, 'intent', 2),
(1128, 'focalisé', 2),
(1129, 'fascinad', 2),
(1130, 'intrigad', 2),
(1131, 'absorbid', 2),
(1132, 'inquisit', 2),
(1133, 'absort', 2),
(1134, 'asombrad', 2),
(1135, 'involucrad', 2),
(1136, 'observant', 2),
(1137, 'divertid', 2),
(1138, 'pensativ', 2),
(1139, 'cortés', 2),
(1140, 'intención', 2),
(1141, 'enfocad', 2),
(1142, 'playful', 11),
(1143, 'courage', 11),
(1144, 'energetic', 11),
(1145, 'liberat', 11),
(1146, 'optimis', 11),
(1147, 'frisky', 11),
(1148, 'animated', 11),
(1149, 'spirited', 11),
(1150, 'thrill', 11),
(1151, 'wonderful', 11),
(1152, 'funny', 11),
(1153, 'great', 11),
(1154, 'giving', 11),
(1155, 'sharing', 11),
(1156, 'intelligen', 11),
(1157, 'exhilarat', 11),
(1158, 'excite', 11),
(1159, 'enjoy', 11),
(1160, 'communicat', 11),
(1161, 'active', 11),
(1162, 'spunky', 11),
(1163, 'youthful', 11),
(1164, 'vigorous', 11),
(1165, 'tickle', 11),
(1166, 'giocos', 11),
(1167, 'coragg', 11),
(1168, 'energic', 11),
(1169, 'liberat', 11),
(1170, 'ottimis', 11),
(1171, 'saltell', 11),
(1172, 'animat', 11),
(1173, 'brios', 11),
(1174, 'entusias', 11),
(1175, 'meravigli', 11),
(1176, 'divertent', 11),
(1177, 'compartecipaz', 11),
(1178, 'intelligent', 11),
(1179, 'euforic', 11),
(1180, 'eccita', 11),
(1181, 'godendo', 11),
(1182, 'comunica', 11),
(1183, 'giovanil', 11),
(1184, 'vigoros', 11),
(1185, 'solletic', 11),
(1186, 'espiègle', 11),
(1187, 'courageux', 11),
(1188, 'énergiq', 11),
(1189, 'libéré', 11),
(1190, 'optimist', 11),
(1191, 'fringant', 11),
(1192, 'animé', 11),
(1193, 'fougueux', 11),
(1194, 'formidab', 11),
(1195, 'génial', 11),
(1196, 'donnant', 11),
(1197, 'vivifié', 11),
(1198, 'excité', 11),
(1199, 'communicatif', 11),
(1200, 'jeune', 11),
(1201, 'vigour', 11),
(1202, 'chatouillé', 11),
(1203, 'juguetón', 11),
(1204, 'valiente', 11),
(1205, 'energétic', 11),
(1206, 'liberad', 11),
(1207, 'optimist', 11),
(1208, 'retozón', 11),
(1209, 'animad', 11),
(1210, 'enérgic', 11),
(1211, 'encantad', 11),
(1212, 'maravill', 11),
(1213, 'gracios', 11),
(1214, 'estupend', 11),
(1215, 'compartir', 11),
(1216, 'inteligent', 11),
(1217, 'regocijad', 11),
(1218, 'emocion', 11),
(1219, 'disfrutand', 11),
(1220, 'comunica', 11),
(1221, 'juvenil', 11),
(1222, 'cosquill', 11),
(1223, 'eager', 9),
(1224, 'keen', 9),
(1225, 'earnest', 9),
(1226, 'inspir', 9),
(1227, 'enthusiast', 9),
(1228, 'brave', 9),
(1229, 'daring', 9),
(1230, 'hope', 9),
(1231, 'upbeat', 9),
(1232, 'beautiful', 9),
(1233, 'creativ', 9),
(1234, 'construct', 9),
(1235, 'help', 9),
(1236, 'resource', 9),
(1237, 'motivat', 9),
(1238, 'cooperat', 9),
(1239, 'productiv', 9),
(1240, 'exuber', 9),
(1241, 'respons', 9),
(1242, 'conscient', 9),
(1243, 'approv', 9),
(1244, 'honor', 9),
(1245, 'privileg', 9),
(1246, 'pleasure', 9),
(1247, 'adapt', 9),
(1248, 'desider', 9),
(1249, 'piacer', 9),
(1250, 'ispir', 9),
(1251, 'entusia', 9),
(1252, 'grasset', 9),
(1253, 'coragg', 9),
(1254, 'audac', 9),
(1255, 'speranz', 9),
(1256, 'ottimist', 9),
(1257, 'belliss', 9),
(1258, 'costrutt', 9),
(1259, 'pieno di risorse', 9),
(1260, 'motiv', 9),
(1261, 'coopera', 9),
(1262, 'produtt', 9),
(1263, 'esuberant', 9),
(1264, 'coscienz', 9),
(1265, 'approvaz', 9),
(1266, 'onorat', 9),
(1267, 'privileg', 9),
(1268, 'adattab', 9),
(1269, 'désir', 9),
(1270, 'inspir', 9),
(1271, 'enthousiast', 9),
(1272, 'audaci', 9),
(1273, 'courag', 9),
(1274, 'optimis', 9),
(1275, 'beau', 9),
(1276, 'créatif', 9),
(1277, 'constructif', 9),
(1278, 'ingéni', 9),
(1279, 'motivé', 9),
(1280, 'coopérative', 9),
(1281, 'productif', 9),
(1282, 'exubérant', 9),
(1283, 'sensible', 9),
(1284, 'consciencieux', 9),
(1285, 'approuvant', 9),
(1286, 'honoré', 9),
(1287, 'privilégié', 9),
(1288, 'adaptable', 9),
(1289, 'afilad', 9),
(1290, 'inspirad', 9),
(1291, 'entusiast', 9),
(1292, 'valient', 9),
(1293, 'atrevid', 9),
(1294, 'esperanzad', 9),
(1295, 'hermos', 9),
(1296, 'constructiv', 9),
(1297, 'servicial', 9),
(1298, 'ingenios', 9),
(1299, 'motivad', 9),
(1300, 'cooperat', 9),
(1301, 'productiv', 9),
(1302, 'exuberant', 9),
(1303, 'concienzud', 9),
(1304, 'aprobatori', 9),
(1305, 'prazer', 9),
(1306, 'honrad', 9),
(1307, 'privilegiad', 9),
(1308, 'adaptabl', 9),
(1309, 'calm', 13),
(1310, 'good', 13),
(1311, 'at ease', 13),
(1312, 'comfortabl', 13),
(1313, 'please', 13),
(1314, 'encourage', 13),
(1315, 'surprise', 13),
(1316, 'content', 13),
(1317, 'quiet', 13),
(1318, 'certain', 13),
(1319, 'relaxe', 13),
(1320, 'seren', 13),
(1321, 'bright', 13),
(1322, 'bless', 13),
(1323, 'assur', 13),
(1324, 'clear', 13),
(1325, 'balanc', 13),
(1326, 'okay', 13),
(1327, 'grateful', 13),
(1328, 'carefree', 13),
(1329, 'adequate', 13),
(1330, 'fulfill', 13),
(1331, 'genuin', 13),
(1332, 'authentic', 13),
(1333, 'forgiv', 13),
(1334, 'sincere', 13),
(1335, 'uplift', 13),
(1336, 'unburden', 13),
(1337, 'confident', 13),
(1338, 'self-sufficient', 13),
(1339, 'bene', 13),
(1340, 'agio', 13),
(1341, 'confort', 13),
(1342, 'content', 13),
(1343, 'incoragg', 13),
(1344, 'sorpres', 13),
(1345, 'content', 13),
(1346, 'silenz', 13),
(1347, 'certo', 13),
(1348, 'rilass', 13),
(1349, 'seren', 13),
(1350, 'luminos', 13),
(1351, 'benedett', 13),
(1352, 'assicur', 13),
(1353, 'pulire', 13),
(1354, 'equilibr', 13),
(1355, 'bene', 13),
(1356, 'spensier', 13),
(1357, 'adeguat', 13),
(1358, 'soddisf', 13),
(1359, 'genuin', 13),
(1360, 'autentic', 13),
(1361, 'perdon', 13),
(1362, 'sincer', 13),
(1363, 'sollev', 13),
(1364, 'allegger', 13),
(1365, 'fiducios', 13),
(1366, 'autosuff', 13),
(1367, 'bien', 13),
(1368, 'à l''aise', 13),
(1369, 'heureux', 13),
(1370, 'encouragé', 13),
(1371, 'surpris', 13),
(1372, 'silencieux', 13),
(1373, 'certain', 13),
(1374, 'détendu', 13),
(1375, 'serein', 13),
(1376, 'brillant', 13),
(1377, 'assuré', 13),
(1378, 'clair', 13),
(1379, 'équilibré', 13),
(1380, 'bien', 13),
(1381, 'd''accord', 13),
(1382, 'reconnaiss', 13),
(1383, 'insouciant', 13),
(1384, 'adéquat', 13),
(1385, 'réalisé', 13),
(1386, 'authentique', 13),
(1387, 'indulgent', 13),
(1388, 'sincèr', 13),
(1389, 'soulevée', 13),
(1390, 'déchargé', 13),
(1391, 'confiant', 13),
(1392, 'autosuffisant', 13),
(1393, 'bueno', 13),
(1394, 'a gusto', 13),
(1395, 'cómod', 13),
(1396, 'satisfec', 13),
(1397, 'alentad', 13),
(1398, 'sorprendid', 13),
(1399, 'contenid', 13),
(1400, 'tranquil', 13),
(1401, 'ciert', 13),
(1402, 'relajad', 13),
(1403, 'seren', 13),
(1404, 'brillant', 13),
(1405, 'bendit', 13),
(1406, 'segur', 13),
(1407, 'claro', 13),
(1408, 'equilibrad', 13),
(1409, 'agradecid', 13),
(1410, 'despreocupad', 13),
(1411, 'adecuad', 13),
(1412, 'cumplid', 13),
(1413, 'auténtic', 13),
(1414, 'indulgent', 13),
(1415, 'levantad', 13),
(1416, 'sin cargas', 13),
(1417, 'confident', 13),
(1418, 'autosuficient', 13),
(1419, 'tranqui', 13),
(1420, 'proud', 5),
(1421, 'orgulloso', 5),
(1422, 'fier', 5),
(1423, 'orgogl', 5),
(1424, 'reliab', 5),
(1425, 'sure', 5),
(1426, 'unique', 5),
(1427, 'dynamic', 5),
(1428, 'tenacious', 5),
(1429, 'hardy', 5),
(1430, 'secure', 5),
(1431, 'stable', 5),
(1432, 'honest', 5),
(1433, 'composed', 5),
(1434, 'self-affirming', 5),
(1435, 'truth', 5),
(1436, 'support', 5),
(1437, 'excell', 5),
(1438, 'persever', 5),
(1439, 'responsib', 5),
(1440, 'energiz', 5),
(1441, 'complet', 5),
(1442, 'solid', 5),
(1443, 'affidab', 5),
(1444, 'sicur', 5),
(1445, 'unic', 5),
(1446, 'dinamic', 5),
(1447, 'tenac', 5),
(1448, 'resistent', 5),
(1449, 'stabil', 5),
(1450, 'onest', 5),
(1451, 'compost', 5),
(1452, 'affermazion', 5),
(1453, 'verit', 5),
(1454, 'support', 5),
(1455, 'eccell', 5),
(1456, 'persev', 5),
(1457, 'responsab', 5),
(1458, 'eccita', 5),
(1459, 'sano di mente', 5),
(1460, 'complet', 5),
(1461, 'matur', 5),
(1462, 'fiable', 5),
(1463, 'sûr', 5),
(1464, 'unique', 5),
(1465, 'dynamique', 5),
(1466, 'robust', 5),
(1467, 'garant', 5),
(1468, 'honnêt', 5),
(1469, 'composé', 5),
(1470, 'véridiq', 5),
(1471, 'soutien', 5),
(1472, 'persévér', 5),
(1473, 'responsable', 5),
(1474, 'sain', 5),
(1475, 'achevée', 5),
(1476, 'confianza', 5),
(1477, 'por supuesto', 5),
(1478, 'únic', 5),
(1479, 'dinámic', 5),
(1480, 'tenaz', 5),
(1481, 'resistent', 5),
(1482, 'segur', 5),
(1483, 'establ', 5),
(1484, 'honest', 5),
(1485, 'compuest', 5),
(1486, 'autoafirmant', 5),
(1487, 'veraz', 5),
(1488, 'apoyo', 5),
(1489, 'excelent', 5),
(1490, 'perseverant', 5),
(1491, 'energizad', 5),
(1492, 'cuerdo', 5),
(1493, 'completar', 5),
(1494, 'madur', 5),
(1495, 'sólid', 5),
(1496, 'glow', 14),
(1497, 'radiant', 14),
(1498, 'beaming', 14),
(1499, 'reflect', 14),
(1500, 'smil', 14),
(1501, 'ground', 14),
(1502, 'unhurr', 14),
(1503, 'open minded', 14),
(1504, 'openminded', 14),
(1505, 'efficie', 14),
(1506, 'non control', 14),
(1507, 'unassum', 14),
(1508, 'trust', 14),
(1509, 'support', 14),
(1510, 'fluid', 14),
(1511, 'light', 14),
(1512, 'spontan', 14),
(1513, 'aware', 14),
(1514, 'health', 14),
(1515, 'meditat', 14),
(1516, 'still', 14),
(1517, 'rest', 14),
(1518, 'wait', 14),
(1519, 'laugh', 14),
(1520, 'grace', 14),
(1521, 'natur', 14),
(1522, 'stead', 14),
(1523, 'center', 14),
(1524, 'placid', 14),
(1525, 'relax', 14),
(1526, 'raggiant', 14),
(1527, 'radiant', 14),
(1528, 'splend', 14),
(1529, 'rifless', 14),
(1530, 'sorrid', 14),
(1531, 'senza frett', 14),
(1532, 'di larghe vedute', 14),
(1533, 'efficient', 14),
(1534, 'senza pretese', 14),
(1535, 'fiduc', 14),
(1536, 'legger', 14),
(1537, 'spontan', 14),
(1538, 'consap', 14),
(1539, 'salut', 14),
(1540, 'medita', 14),
(1541, 'ripos', 14),
(1542, 'in attesa', 14),
(1543, 'risat', 14),
(1544, 'grazios', 14),
(1545, 'natur', 14),
(1546, 'costant', 14),
(1547, 'centrat', 14),
(1548, 'placid', 14),
(1549, 'rilass', 14),
(1550, 'embrasé', 14),
(1551, 'radiant', 14),
(1552, 'radieux', 14),
(1553, 'réfléchis', 14),
(1554, 'sourian', 14),
(1555, 'ouvert d''esprit', 14),
(1556, 'modest', 14),
(1557, 'confiant', 14),
(1558, 'lumièr', 14),
(1559, 'spontané', 14),
(1560, 'conscient', 14),
(1561, 'méditatif', 14),
(1562, 'reposé', 14),
(1563, 'attendre', 14),
(1564, 'gracieux', 14),
(1565, 'stable', 14),
(1566, 'centré', 14),
(1567, 'placide', 14),
(1568, 'brillant', 14),
(1569, 'reflexiv', 14),
(1570, 'sonriente', 14),
(1571, 'mente abierta', 14),
(1572, 'eficient', 14),
(1573, 'modest', 14),
(1574, 'soportad', 14),
(1575, 'liger', 14),
(1576, 'espontáne', 14),
(1577, 'conscient', 14),
(1578, 'saludabl', 14),
(1579, 'todavía', 14),
(1580, 'descansad', 14),
(1581, 'esperand', 14),
(1582, 'reír', 14),
(1583, 'agraciad', 14),
(1584, 'estable', 14),
(1585, 'centrad', 14),
(1586, 'plácid', 14),
(1587, 'relajars', 14);

--
-- Constraints for dumped tables
--

--
-- Constraints for table `contents`
--
ALTER TABLE `contents`
  ADD CONSTRAINT `contents_ibfk_1` FOREIGN KEY (`research_id`) REFERENCES `researches` (`id`),
  ADD CONSTRAINT `contents_ibfk_2` FOREIGN KEY (`research_element_id`) REFERENCES `research_elements` (`id`),
  ADD CONSTRAINT `contents_ibfk_3` FOREIGN KEY (`subject_id`) REFERENCES `subjects` (`id`);

--
-- Constraints for table `contents_entities`
--
ALTER TABLE `contents_entities`
  ADD CONSTRAINT `contents_entities_ibfk_1` FOREIGN KEY (`content_id`) REFERENCES `contents` (`id`),
  ADD CONSTRAINT `contents_entities_ibfk_3` FOREIGN KEY (`research_id`) REFERENCES `researches` (`id`),
  ADD CONSTRAINT `contents_entities_ibfk_4` FOREIGN KEY (`research_element_id`) REFERENCES `research_elements` (`id`),
  ADD CONSTRAINT `contents_entities_ibfk_5` FOREIGN KEY (`entity_id`) REFERENCES `entities` (`id`);

--
-- Constraints for table `emotions`
--
ALTER TABLE `emotions`
  ADD CONSTRAINT `emotions_ibfk_1` FOREIGN KEY (`research_id`) REFERENCES `researches` (`id`),
  ADD CONSTRAINT `emotions_ibfk_2` FOREIGN KEY (`research_element_id`) REFERENCES `research_elements` (`id`),
  ADD CONSTRAINT `emotions_ibfk_3` FOREIGN KEY (`content_id`) REFERENCES `contents` (`id`),
  ADD CONSTRAINT `emotions_ibfk_4` FOREIGN KEY (`emotion_type_id`) REFERENCES `emotion_types` (`id`);

--
-- Constraints for table `entities`
--
ALTER TABLE `entities`
  ADD CONSTRAINT `entities_ibfk_1` FOREIGN KEY (`entity_type_id`) REFERENCES `entity_types` (`id`);

--
-- Constraints for table `relations`
--
ALTER TABLE `relations`
  ADD CONSTRAINT `relations_ibfk_1` FOREIGN KEY (`research_id`) REFERENCES `researches` (`id`),
  ADD CONSTRAINT `relations_ibfk_2` FOREIGN KEY (`research_element_id`) REFERENCES `research_elements` (`id`);

--
-- Constraints for table `researches`
--
ALTER TABLE `researches`
  ADD CONSTRAINT `researches_ibfk_1` FOREIGN KEY (`user_id`) REFERENCES `users` (`id`);

--
-- Constraints for table `research_elements`
--
ALTER TABLE `research_elements`
  ADD CONSTRAINT `research_elements_ibfk_1` FOREIGN KEY (`research_element_type_id`) REFERENCES `research_element_types` (`id`),
  ADD CONSTRAINT `research_elements_ibfk_2` FOREIGN KEY (`research_id`) REFERENCES `researches` (`id`);

--
-- Constraints for table `subjects`
--
ALTER TABLE `subjects`
  ADD CONSTRAINT `subjects_ibfk_1` FOREIGN KEY (`research_element_id`) REFERENCES `research_elements` (`id`),
  ADD CONSTRAINT `subjects_ibfk_2` FOREIGN KEY (`research_id`) REFERENCES `researches` (`id`);

/*!40101 SET CHARACTER_SET_CLIENT=@OLD_CHARACTER_SET_CLIENT */;
/*!40101 SET CHARACTER_SET_RESULTS=@OLD_CHARACTER_SET_RESULTS */;
/*!40101 SET COLLATION_CONNECTION=@OLD_COLLATION_CONNECTION */;
